last_updated,latitude,longitude,last_updated_epoch,temperature_celsius,temperature_fahrenheit,wind_mph,wind_kph,wind_degree,pressure_mb,pressure_in,precip_mm,precip_in,humidity,cloud,feels_like_celsius,feels_like_fahrenheit,visibility_km,visibility_miles,uv_index,gust_mph,gust_kph,air_quality_Carbon_Monoxide,air_quality_Ozone,air_quality_Nitrogen_dioxide,air_quality_Sulphur_dioxide,air_quality_PM2.5,air_quality_PM10,air_quality_us-epa-index,air_quality_gb-defra-index,moon_illumination,temp_c_from_f,wind_kph_from_mph,year,month,week
2024-05-19,19.663576642335766,20.271626694473408,1715967773.3055265,24.540667361835244,76.1727841501564,8.743587069864443,14.077893639207508,166.05005213764338,1012.9885297184567,29.913138686131386,0.13281543274244004,0.0050782064650677795,60.38790406673618,35.652763295099064,26.427632950990613,79.56392075078207,9.846193952033367,5.830031282586027,4.839416058394161,13.478102189781023,21.695411887382694,503.17413972888426,60.42033368091762,10.401251303441084,6.757247132429614,17.307194994786233,32.49259645464025,1.3753910323253389,1.8425443169968718,65.39520333680917,24.540435638975783,14.071404415015643,2024.0,5.0,20.0
2024-05-26,19.202871794871793,21.65497435897436,1716468726.5934067,25.227985347985346,77.41032967032967,8.97846153846154,14.452600732600732,166.792673992674,1013.23663003663,29.91983882783883,0.16824175824175824,0.006454212454212455,60.21465201465202,38.0,27.15435897435897,80.86783882783884,9.854798534798535,5.827106227106227,5.1501831501831505,13.91025641025641,22.39164835164835,552.5624168498168,60.58886446886447,10.289230769230768,6.978461538461539,18.084981684981685,34.12864468864469,1.4234432234432235,1.9018315018315017,95.46593406593406,25.227960927960925,14.449397292307692,2024.0,5.0,21.0
2024-06-02,19.189816715542523,21.654699413489734,1717073084.164223,25.758651026392965,78.36568914956013,8.960410557184751,14.42184750733138,180.7316715542522,1013.057917888563,29.914560117302052,0.16799120234604106,0.006422287390029325,58.6950146627566,37.31964809384164,27.6233137829912,81.71356304985338,9.800953079178885,5.813049853372434,5.269794721407624,14.19941348973607,22.85659824046921,510.35894501466277,61.717668621700874,9.183211143695015,6.087756598240469,17.625,33.25197947214076,1.346774193548387,1.7536656891495601,57.740469208211145,25.758716194200066,14.420347126099708,2024.0,5.285923753665689,22.0
2024-06-09,19.235730007336755,21.593286867204693,1717677709.1709464,26.435876742479824,79.58650036683785,8.679236977256052,13.97285399853265,184.3426265590609,1012.4005869405722,29.89516507703595,0.12424798239178282,0.004732208363903155,57.72193690388848,35.54805575935436,28.321790168745412,82.97358767424798,9.906456346294938,5.878209831254585,5.424798239178283,13.748862802641233,22.127366104181952,500.1059427732942,63.37542186353632,9.771019809244313,6.58415260454879,18.829126925898752,33.246588407923696,1.371973587674248,1.8187820983125458,5.451944240645634,26.436944648243255,13.967843236977258,2024.0,6.0,23.0
2024-06-16,19.152750548646672,21.840848573518652,1718282443.8917336,25.88500365764448,78.59348939283102,8.62545720555962,13.887051938551572,181.1016825164594,1011.7081199707388,29.874857351865398,0.1632699341623994,0.0062618873445501105,59.06291148500366,38.809070958302854,27.575274323335773,81.62743233357718,9.807461594732992,5.826627651792246,5.324067300658376,13.154425749817117,21.17220190197513,561.9002172640819,61.2605705925384,9.61185076810534,7.347915142648135,17.7218727139722,31.346086320409654,1.3899049012435991,1.8134601316752013,38.51426481346013,25.885271884906118,13.881293299195319,2024.0,6.0,24.0
2024-06-23,19.081058911260254,21.82378821774795,1718887882.5503356,26.833035048471288,80.30253542132736,10.34586129753915,16.655555555555555,174.65473527218495,1011.482475764355,29.868434004474274,0.18504847129008203,0.0071439224459358686,58.795674869500374,38.17524235645041,28.539373601789713,83.36502609992543,9.834228187919464,5.832214765100671,5.6062639821029085,14.646607009694257,23.575540641312454,473.73571812080536,64.16979865771812,8.56517524235645,6.382401193139447,15.367188665175243,29.373601789709173,1.3497390007457122,1.7912005965697242,91.36912751677852,26.834741900737427,16.650008420581656,2024.0,6.0,25.0
2024-06-30,19.194925705794947,21.929947994056462,1719492495.2451708,26.805349182763745,80.25074294205052,8.907875185735513,14.340118870728082,171.66047548291235,1011.8358098068351,29.878588410104012,0.15823179791976225,0.005980683506686479,59.580237741456166,37.190193164933135,28.613447251114412,83.49710252600298,9.898365527488856,5.8751857355126305,5.666419019316494,13.50029717682021,21.73112927191679,469.67882615156014,65.66367013372957,8.611292719167905,6.481277860326894,15.40074294205052,27.983283803863298,1.3335809806835066,1.763744427934621,69.15750371471026,26.80596830113918,14.33579985141159,2024.0,6.0,26.0
2024-07-07,19.162908424908423,21.999860805860806,1720093889.010989,26.274505494505494,79.29692307692308,8.924322344322345,14.368571428571428,185.7882783882784,1010.6593406593406,29.8441684981685,0.15957509157509156,0.006117216117216117,60.6996336996337,39.498168498168496,27.953113553113553,82.3101098901099,9.833772893772894,5.8227106227106225,5.5516483516483515,14.077875457875457,22.6585347985348,477.89780146520144,62.99054945054945,8.07018315018315,6.0698901098901095,16.811721611721612,30.73201465201465,1.336996336996337,1.7443223443223443,9.128205128205128,26.276068376068377,14.362268921611722,2024.0,7.0,27.0
2024-07-14,19.073698630136988,22.067412480974124,1720691520.5479453,27.105555555555554,80.79048706240486,8.497945205479452,13.679756468797565,179.14307458143074,1012.3051750380517,29.892480974124812,0.16635464231354644,0.006286149162861491,59.71765601217656,37.90943683409437,28.865372907153727,83.95175038051751,9.76628614916286,5.789193302891933,5.769406392694064,13.18523592085236,21.21818873668189,481.1626324200913,65.57397260273973,8.80007610350076,6.187975646879757,17.624429223744293,31.15068493150685,1.3439878234398783,1.799847792998478,24.17503805175038,27.105826145780483,13.676083136986302,2024.0,7.0,28.0
2024-07-21,18.855530110262933,22.79514843087362,1721260840.4580152,27.23206106870229,81.02111959287531,8.431297709923664,13.573621713316369,183.51823579304497,1012.1772688719253,29.88883799830365,0.17082273112807464,0.006463104325699746,60.36726039016116,39.80746395250212,29.031043256997453,84.24970313825276,9.760644614079728,5.786259541984733,5.821882951653944,12.99635284139101,20.91916878710772,408.7601357082273,66.74843087362171,7.6284139100932995,-2.9106870229007633,14.497455470737913,25.34698897370653,1.2985581000848176,1.6530958439355385,80.06446140797286,27.233955329375174,13.56882465648855,2024.0,7.0,29.0
2024-07-28,19.237726075504828,22.007673397717294,1721957197.717296,26.720105355575065,80.09868305531167,8.748814749780509,14.081650570676032,189.2071992976295,1011.0421422300263,29.85611062335382,0.15934152765583845,0.006101843722563652,57.905179982440735,41.153643546971026,28.134503950834066,82.63459174714663,9.515364354697102,5.670763827919227,5.796312554872696,11.891834942932396,19.140649692712906,423.67041264266896,65.04820017559263,8.008691834942931,5.842756804214223,14.390781387181738,24.216593503072872,1.2941176470588236,1.6470588235294117,76.22475856014047,26.721490586284265,14.079817529411764,2024.0,7.0,30.0
2024-08-04,19.12439149560117,22.0933357771261,1722511960.3372433,26.676466275659823,80.01730205278592,8.961876832844574,14.423020527859238,186.8951612903226,1010.8027859237536,29.84876832844575,0.1683357771260997,0.006444281524926687,57.28958944281525,38.93695014662757,27.97543988269795,82.34934017595307,9.494868035190615,5.6627565982404695,5.82624633431085,11.92243401759531,19.189662756598242,425.191715542522,68.10161290322581,7.324780058651027,5.257258064516129,14.457184750733136,25.56898826979472,1.2947214076246334,1.687683284457478,15.958211143695015,26.676278918214404,14.422706862170088,2024.0,7.571847507331379,31.0
2024-08-11,19.107230769230767,22.088358974358975,1723116521.5384614,26.68791208791209,80.03912087912087,8.644395604395605,13.915384615384616,183.97509157509157,1011.1435897435897,29.85923076923077,0.1633040293040293,0.006293040293040293,57.45054945054945,38.43589743589744,28.066739926739924,82.51472527472528,9.54945054945055,5.701831501831502,5.782417582417582,11.516483516483516,18.537216117216115,447.30102564102566,67.6185347985348,8.46974358974359,6.1461538461538465,14.781684981684982,24.317948717948717,1.3076923076923077,1.695970695970696,13.682783882783882,26.688400488400486,13.911771621978023,2024.0,8.0,32.0
2024-08-18,19.10731868131868,22.088593406593407,1723721349.2307692,27.26776556776557,81.08205128205128,8.7014652014652,14.00930402930403,179.3084249084249,1011.7098901098901,29.874930402930403,0.1707765567765568,0.006571428571428572,59.55238095238095,37.98095238095238,28.937069597069595,84.07809523809524,9.703369963369964,5.7494505494505495,5.832234432234432,13.066959706959707,21.03120879120879,434.33516483516485,67.18534798534799,7.876556776556777,5.8112087912087915,14.776190476190477,23.759267399267397,1.3267399267399267,1.7575091575091575,71.25860805860806,27.267806267806268,14.00361600732601,2024.0,8.0,33.0
2024-08-25,19.107384615384614,22.08876923076923,1724325540.0,26.511648351648354,79.72439560439561,8.617142857142857,13.874505494505495,180.2930402930403,1012.4798534798534,29.897802197802196,0.15402197802197803,0.0058095238095238096,62.08351648351648,40.25567765567766,28.11296703296703,82.59663003663003,9.802857142857142,5.807326007326007,5.667399267399268,13.336849816849817,21.466080586080587,432.7331868131868,66.85142857142857,7.801172161172161,5.835311355311355,13.585714285714285,23.021611721611723,1.3018315018315019,1.6952380952380952,88.15384615384616,26.513553113553115,13.867912685714286,2024.0,8.0,34.0
2024-09-01,19.107384615384614,22.08876923076923,1724930363.0769231,26.68285714285714,80.03245421245421,8.345274725274725,13.43941391941392,167.68571428571428,1013.7948717948718,29.936395604395603,0.1743223443223443,0.006673992673992673,61.004395604395604,37.08351648351648,28.27758241758242,82.89252747252748,9.75150183150183,5.780952380952381,5.68937728937729,13.220805860805863,21.28102564102564,444.49421245421246,66.66652014652014,8.205274725274727,5.933919413919414,14.90945054945055,25.637509157509154,1.3238095238095238,1.753113553113553,26.31282051282051,26.684696784696783,13.430384426373625,2024.0,8.142857142857142,35.0
2024-09-08,19.09177419354839,22.068394428152494,1725535169.868035,26.557478005865104,79.80571847507332,8.367448680351906,13.470821114369501,163.79618768328444,1013.1378299120234,29.91674486803519,0.15868768328445748,0.006099706744868035,60.40615835777126,37.092375366568916,28.12969208211144,82.62646627565982,9.8291788856305,5.823313782991202,5.685483870967742,13.14156891495601,21.152712609970674,397.13528885630495,75.81297653958944,8.0790857771261,7.826052785923754,18.42272873900293,36.72853958944282,1.5,2.1048387096774195,6.35117302052786,26.55873248615184,13.466069859237537,2024.0,9.0,36.0
2024-09-15,19.107384615384614,22.08876923076923,1726140534.0659342,25.296630036630038,77.53553113553113,8.94967032967033,14.407765567765567,181.74212454212454,1011.9098901098901,29.88107692307692,0.20619780219780218,0.007853479853479855,62.432967032967035,41.53553113553114,26.778534798534796,80.19428571428571,9.787838827838828,5.807326007326007,5.351648351648351,13.071355311355312,21.04007326007326,379.08645714285717,80.21465201465202,7.586857875457875,8.796375824175824,21.395477655677656,48.30770989010989,1.632967032967033,2.408058608058608,57.23296703296703,25.297517297517295,14.403062448351648,2024.0,9.0,37.0
2024-09-22,18.939424198250727,22.35974489795918,1726741173.542274,24.658673469387754,76.38943148688047,7.718294460641399,12.423469387755102,158.9008746355685,1014.1603498542274,29.94747813411079,0.13781341107871722,0.00521865889212828,64.33236151603498,39.47667638483965,26.259329446064143,79.2618804664723,9.862172011661807,5.844752186588921,5.245626822157434,10.365160349854227,16.68316326530612,403.3025102040816,69.65816326530613,11.287627551020408,10.666423469387755,22.4351027696793,48.98162755102041,1.7055393586005831,2.5065597667638486,93.1064139941691,24.660795270489146,12.42136000728863,2024.0,9.0,38.0
2024-09-29,19.107384615384614,22.08876923076923,1727343804.3956044,24.145641025641027,75.46410256410256,7.9796336996337,12.842124542124543,176.28937728937728,1012.6153846153846,29.901736263736264,0.17165567765567766,0.006512820512820513,65.97435897435898,39.08205128205128,25.537802197802197,77.96468864468865,9.873186813186813,5.856410256410256,4.931868131868132,10.694065934065934,17.21120879120879,441.3981934065934,60.77948717948718,14.559517216117218,11.798912087912088,22.382208791208793,46.99720366300366,1.6754578754578755,2.4835164835164836,38.857142857142854,24.14672364672365,12.841943698168498,2024.0,9.0,39.0
2024-10-06,19.10731838827839,22.08889582417582,1727948059.7802198,22.673553113553115,72.81384615384614,7.39069597069597,11.895970695970696,168.7172161172161,1013.5391941391941,29.92912087912088,0.1315824175824176,0.0049743589743589745,66.8007326007326,40.97582417582417,23.877362637362637,74.97076923076924,9.848644688644688,5.8498168498168495,4.631501831501832,9.894285714285715,15.922344322344323,457.49116849816846,58.08717948717949,15.816025641025641,11.367786813186813,22.644700366300366,46.99674652014652,1.6791208791208792,2.4652014652014653,3.5714285714285716,22.674358974358974,11.894142653479854,2024.0,9.857142857142858,40.0
2024-10-13,19.102738343108506,22.067404032258064,1728553494.0615835,23.0133431085044,73.42543988269794,7.691129032258065,12.382478005865103,173.93108504398828,1012.9274193548387,29.911282991202345,0.16382697947214075,0.006260997067448679,66.46187683284458,41.68108504398827,24.090469208211143,75.35491202346041,9.727199413489735,5.774926686217009,3.558651026392962,10.379105571847507,16.70733137829912,481.1829127565982,56.761730205278596,17.916439882697947,12.584545454545454,23.282282258064516,42.969319648093844,1.715542521994135,2.5733137829912023,42.8717008797654,23.014133268165526,12.377641596774193,2024.0,10.0,41.0
2024-10-20,19.107268717948717,22.08899076923077,1729157423.0769231,22.146373626373627,71.86461538461538,7.5997069597069595,12.233406593406592,165.85860805860807,1015.4315018315018,29.98507692307692,0.12997069597069597,0.0049304029304029304,67.23736263736264,41.225641025641025,23.091721611721614,73.5614652014652,9.672747252747252,5.737728937728938,2.9239560439560437,10.28937728937729,16.560000000000002,471.5064967032967,55.90622710622711,18.154646886446887,13.224446886446886,24.482514285714284,45.81002271062271,1.7684981684981684,2.624908424908425,94.0,22.147008547008546,12.230512398534797,2024.0,10.0,42.0
2024-10-27,19.27614131245339,23.972682699478003,1729761361.0738256,21.97084265473527,71.54638329604772,8.011260253542133,12.893214019388516,167.46308724832215,1016.2378821774795,30.009552572706934,0.10409395973154363,0.003855331841909023,66.0738255033557,40.93736017897092,22.93303504847129,73.27330350484714,9.606114839671886,5.703952274422073,3.1679343773303503,10.807829977628634,17.397837434750187,465.44894705443704,54.034302759134974,16.754831469052945,11.420189410887398,25.93086428038777,56.157411633109625,1.8150633855331841,2.809843400447427,53.727069351230426,21.970212942248736,12.892841576435497,2024.0,10.0,43.0
2024-11-03,19.307318454613654,24.484946961740437,1730363564.7411852,21.540810202550638,70.77336834208552,7.3192048012003,11.783645911477869,166.76444111027757,1015.4936234058515,29.98716429107277,0.10860465116279071,0.004096024006001501,65.92048012003,39.46211552888222,22.25191297824456,72.04561140285071,9.561515378844712,5.663165791447862,3.091447861965491,10.023030757689423,16.13218304576144,603.919367591898,53.64366091522881,19.069747936984246,13.62881170292573,29.240630157539385,56.106750187546886,1.9219804951237809,3.2003000750187547,5.5588897224306075,21.54076019004751,11.779089054763691,2024.0,10.414853713428357,44.0
2024-11-10,19.103211876832844,22.07089413489736,1730969972.28739,20.240469208211145,68.43614369501466,7.21766862170088,11.62316715542522,151.06451612903226,1017.316715542522,30.041195014662758,0.14774193548387096,0.0056744868035190615,66.2382697947214,40.766129032258064,20.85381231671554,69.53137829912023,9.491129032258064,5.622434017595308,2.6133431085043988,10.062096774193549,16.192888563049852,674.8006913489736,49.206011730205276,22.282668621700882,14.17533944281525,32.48620527859238,56.65385630498534,2.063049853372434,3.5762463343108504,29.151026392961878,20.242302052785924,11.615682819648093,2024.0,11.0,45.0
2024-11-17,19.107268717948717,22.08899076923077,1731574674.0659342,19.296336996336997,66.73575091575091,7.154652014652015,11.517582417582418,160.75531135531136,1015.5230769230769,29.98807326007326,0.13175824175824175,0.005032967032967033,69.603663003663,44.23882783882784,19.884615384615383,67.78490842490842,9.34930402930403,5.509157509157509,2.444542124542125,10.001684981684981,16.09919413919414,630.0544527472528,52.582417582417584,23.301237362637362,15.832947252747253,32.68661684981685,55.30568717948719,2.010989010989011,3.4065934065934065,89.43589743589743,19.297639397639397,11.514267673260074,2024.0,11.0,46.0
2024-11-24,19.107268717948717,22.08899076923077,1732178688.7912087,18.662051282051284,65.5931868131868,8.040952380952382,12.944395604395604,161.4923076923077,1013.0468864468864,29.914586080586076,0.14523809523809525,0.005531135531135531,68.62197802197802,42.10915750915751,18.89238095238095,65.9992673992674,9.377289377289378,5.534798534798535,2.175238095238095,11.277142857142856,18.15040293040293,685.1709545787546,53.81025641025641,21.284244688644687,14.142843223443224,30.562498901098902,51.11518754578755,1.901098901098901,3.087912087912088,69.54945054945055,18.662881562881562,12.940626304761905,2024.0,11.0,47.0
2024-12-01,19.136770601173023,22.233630791788855,1732787359.3108504,18.53717008797654,65.36891495601172,7.822653958944282,12.593914956011728,158.2573313782991,1016.2177419354839,30.008892961876832,0.10181818181818182,0.003812316715542522,68.24413489736071,42.32258064516129,18.784164222873898,65.80366568914955,9.570234604105572,5.654692082111437,2.3436950146627566,11.054472140762464,17.788709677419355,590.6223005865103,57.98020527859237,21.07542448680352,15.452939149560118,30.182118768328447,63.2991913489736,1.905425219941349,3.1715542521994133,13.031524926686217,18.538286086673185,12.58930992228739,2024.0,11.142228739002933,48.0
2024-12-08,19.077810029282578,21.944562518301613,1733394677.0863836,18.240922401171304,64.83543191800878,8.171669106881405,13.151830161054173,159.23499267935577,1015.3792093704246,29.983382137628112,0.11370424597364567,0.004304538799414348,66.53440702781845,43.6610541727672,18.327598828696924,64.98396778916545,9.38645680819912,5.537335285505124,2.5420937042459735,11.41610541727672,18.372913616398243,557.2573821376282,64.79209370424597,18.513749633967787,16.34957027818448,29.62105563689605,65.08555636896047,1.9370424597364568,3.2166910688140558,17.111273792093705,18.24190662111599,13.150993960468522,2024.0,12.0,49.0
2024-12-15,19.131418695014663,22.231089222873898,1734000270.967742,17.72910557184751,63.913636363636364,8.09816715542522,13.036363636363635,161.9567448680352,1016.4120234604105,30.0141715542522,0.09414956011730205,0.0035043988269794725,66.65029325513197,44.27052785923754,17.71818181818182,63.88900293255132,9.438196480938418,5.567448680351906,2.5159090909090907,11.359017595307918,18.280205278592376,573.4796605571847,64.73020527859238,18.08640982404692,16.331622434017593,31.562684750733137,74.46035337243403,1.9501466275659824,3.274193548387097,80.6766862170088,17.72979797979798,13.032704329912022,2024.0,12.0,50.0
2024-12-22,19.083154099560762,21.94710036603221,1734604046.4860907,17.678550512445096,63.819472913616394,8.670571010248901,13.956442166910689,169.80746705710104,1015.0556368960468,29.974172767203516,0.11556368960468522,0.004348462664714495,64.12664714494876,41.420937042459734,17.57701317715959,63.63740849194729,9.399341142020498,5.584919472913616,2.456734992679356,12.199707174231332,19.63550512445095,584.0383704245974,64.62445095168374,18.66188140556369,17.293586383601756,36.915924597364565,90.03040117130308,2.0095168374816983,3.440702781844802,82.78843338213763,17.67748495200911,13.953896749633966,2024.0,12.0,51.0
2024-12-29,19.107268717948717,22.08899076923077,1735208858.2417583,17.336630036630037,63.20549450549451,7.71025641025641,12.413553113553114,165.03956043956043,1017.0468864468864,30.033076923076923,0.12633699633699633,0.004761904761904762,65.58534798534798,43.31575091575092,17.355604395604395,63.23179487179487,9.212234432234434,5.463003663003663,2.4066666666666667,10.9203663003663,17.5770695970696,671.4856212454213,61.395604395604394,22.5933684981685,18.1079010989011,37.082275457875454,73.74943076923077,2.1304029304029304,3.808058608058608,25.10915750915751,17.336385836385837,12.40842405128205,2024.0,12.0,52.0
2025-01-05,19.107268717948717,22.08899076923077,1735813238.2417583,17.14937728937729,62.872087912087906,7.925714285714286,12.760366300366302,166.1904761904762,1015.8637362637363,29.997758241758245,0.1431062271062271,0.005487179487179488,66.57289377289378,41.16043956043956,17.130989010989012,62.83172161172161,9.313260073260073,5.492307692307692,2.473846153846154,11.22058608058608,18.058095238095238,626.4405465201465,64.46959706959707,21.009291575091577,18.528688644688646,36.32052307692308,77.0387032967033,2.0527472527472526,3.6424908424908424,8.96996336996337,17.15115995115995,12.75516902857143,2024.7142857142858,4.142857142857143,1.0
2025-01-12,19.447126807228916,24.795138780120485,1736423411.069277,17.335090361445783,63.20474397590361,8.092243975903614,13.027560240963854,165.6137048192771,1014.8049698795181,29.96628012048193,0.15435993975903614,0.005926204819277109,66.8230421686747,40.9277108433735,17.289006024096384,63.113780120481934,9.219954819277108,5.426204819277109,2.7031626506024096,11.436596385542169,18.4042921686747,620.2918719879518,64.10843373493977,20.384931475903613,17.264738704819276,36.0409390060241,80.09924096385542,2.0745481927710845,3.6536144578313254,69.49096385542168,17.335968875502008,13.023171920180722,2025.0,1.0,2.0
2025-01-19,19.094295454545453,22.097721920821115,1737022714.4428153,16.978299120234606,62.56268328445748,7.716568914956011,12.424926686217008,159.22287390029325,1018.1070381231672,30.063973607038125,0.09409824046920821,0.003526392961876833,66.71260997067449,42.33797653958944,17.036436950146626,62.66099706744868,9.175806451612903,5.3936950146627565,2.560117302052786,10.938343108504398,17.60791788856305,643.068823313783,63.816715542522,22.338126832844576,18.81049926686217,36.16696041055718,72.01590249266863,2.1099706744868034,3.7609970674486806,91.98533724340176,16.979268491365264,12.418583017595308,2025.0,1.0,3.0
2025-01-26,19.107268717948717,22.08899076923077,1737627785.2747252,17.572893772893774,63.6334065934066,8.01992673992674,12.91025641025641,162.63150183150182,1015.2549450549451,29.97991941391941,0.11186080586080586,0.004190476190476191,68.45054945054945,42.06886446886447,17.66915750915751,63.796849816849814,9.182417582417582,5.394871794871795,2.6426373626373625,11.296190476190475,18.17956043956044,631.8584476190476,63.112087912087915,23.103361172161172,18.2651663003663,36.28291575091575,72.45780073260073,2.117948717948718,3.726739926739927,40.55750915750916,17.574114774114776,12.9067888996337,2025.0,1.0,4.0
2025-02-02,19.11280923753666,22.02826664222874,1738233122.7272727,18.061290322580643,64.51275659824047,8.412903225806453,13.541935483870969,167.22947214076245,1016.4002932551319,30.013885630498535,0.11051319648093842,0.0041202346041055715,66.58944281524927,39.36290322580645,18.262096774193548,64.8657624633431,9.384530791788857,5.520527859237537,2.769794721407625,11.78350439882698,18.967082111436948,574.162414222874,67.54105571847508,19.193218475073312,15.986696480938416,34.79674780058651,76.49790615835776,2.0718475073313782,3.62316715542522,5.308651026392962,18.06264255457804,13.539221677419356,2025.0,1.2859237536656891,5.0
2025-02-09,19.107268717948717,22.08899076923077,1738837663.5164835,17.235677655677655,63.02549450549451,8.516190476190477,13.710769230769232,154.9186813186813,1018.9875457875457,30.09024175824176,0.08122344322344323,0.0030109890109890113,64.58315018315018,41.07985347985348,17.155384615384616,62.87641025641026,9.438827838827839,5.545054945054945,2.8972893772893773,11.776043956043955,18.953406593406594,559.0727289377289,67.96410256410256,18.328824175824177,14.322409523809524,35.92899194139194,83.6691120879121,2.1003663003663005,3.7487179487179487,55.68278388278388,17.236385836385836,13.705445980952382,2025.0,2.0,6.0
2025-02-16,19.139141129032257,22.071130791788857,1739441618.1818182,17.156231671554252,62.88504398826979,8.105131964809384,13.048387096774194,159.16788856304984,1016.2683284457478,30.009780058651025,0.12396627565982404,0.00467741935483871,67.42375366568915,44.98020527859237,17.208797653958943,62.97023460410557,9.254178885630498,5.43475073313783,2.959090909090909,11.214296187683283,18.048533724340178,589.8530997067448,66.8108504398827,19.642065249266864,15.609277126099707,34.90028519061584,76.17478592375366,2.0821114369501466,3.62316715542522,95.8900293255132,17.158357771261,13.043913076246334,2025.0,2.0,7.0
2025-02-23,19.090485190615837,22.089471480938418,1740046266.4222875,17.39816715542522,63.320381231671554,8.433797653958944,13.575146627565982,159.52492668621701,1017.0608504398826,30.03318181818182,0.12882697947214075,0.0048973607038123165,65.93475073313783,40.962609970674485,17.403372434017594,63.32375366568915,9.397800586510265,5.541055718475073,3.07192082111437,11.660850439882697,18.766862170087975,550.9416070381232,70.52785923753666,18.252395161290323,14.877225073313783,31.564471407624634,68.41675439882698,2.0168621700879767,3.407624633431085,56.98607038123167,17.400211795373085,13.572847916422289,2025.0,2.0,8.0
2025-03-02,19.12442947214076,22.093968035190617,1740650260.777126,18.088709677419356,64.56070381231672,8.104178885630498,13.0433284457478,169.15542521994135,1016.1913489736071,30.00718475073314,0.11205278592375367,0.004186217008797654,67.08064516129032,42.247067448680355,18.329178885630498,64.98555718475073,9.236143695014663,5.428885630498534,3.0327712609970674,11.124193548387096,17.904178885630497,599.7929208211144,67.16568914956012,20.849158357771262,15.940931818181818,36.780707478005866,78.75757917888563,2.1173020527859236,3.6429618768328447,6.670087976539589,18.089279895731508,13.042379247800588,2025.0,2.2859237536656893,9.0
2025-03-09,19.07560520909758,22.081349523110788,1741254171.9002202,19.56764490095378,67.22545854732209,8.135069699192957,13.097505502567866,154.01100513573002,1014.7307410124724,29.964328686720467,0.1392736610418195,0.0053484959647835655,63.355832721936906,35.253851797505504,20.04864269992663,68.08371239911959,9.600807043286867,5.6705796038151135,3.3272927366104184,11.274247982391783,18.14512105649303,605.531255319149,65.27879677182685,21.23950330154072,13.949582538517975,35.16995084372707,68.1178752751284,2.122523844460748,3.765957446808511,41.812179016874545,19.569699192956712,13.092093069699192,2025.0,3.0,10.0
2025-03-16,19.15477270726339,22.156154878943507,1741859071.6067498,20.31606749816581,68.56947909024211,8.049303008070433,12.956639765223771,160.1085840058694,1012.562729273661,29.900403521643433,0.13418928833455612,0.005113719735876742,65.12399119589142,39.328686720469555,20.900733675715333,69.61305942773295,9.500880410858402,5.622890682318415,3.3853264856933234,10.909611151870873,17.55700660308144,579.2387710931768,63.45634629493764,20.542732942039617,13.586021276595744,31.257321349963316,62.99563976522377,1.9948642699926633,3.359501100513573,94.43140132061629,20.31637727235673,12.95406530300807,2025.0,3.0,11.0
2025-03-23,19.107268717948717,22.08899076923077,1742463479.3406594,20.084981684981685,68.15509157509157,8.586520146520147,13.823589743589745,162.96043956043957,1016.0739926739926,30.00387545787546,0.11658608058608058,0.004373626373626373,61.78901098901099,37.4043956043956,20.46124542124542,68.82271062271062,9.792747252747253,5.813186813186813,3.464835164835165,11.601904761904763,18.671501831501832,553.5789106227106,67.12820512820512,18.230542124542122,12.081556776556777,30.18534358974359,67.38249084249085,1.9274725274725275,3.1728937728937727,72.05714285714286,20.086161986161986,13.818630332600732,2025.0,3.0,12.0
2025-03-30,19.107268717948717,22.08899076923077,1743067677.3626373,20.754139194139196,69.35934065934066,8.21120879120879,13.216410256410258,167.9897435897436,1013.4967032967033,29.92776556776557,0.1422783882783883,0.00536996336996337,65.36630036630036,44.14358974358974,21.331794871794873,70.38908424908425,9.5792673992674,5.661538461538462,3.4664468864468865,11.015824175824177,17.73032967032967,522.1578249084249,66.08424908424908,17.97302564102564,12.781606593406593,31.494320879120878,70.75632307692307,2.0073260073260073,3.3743589743589744,13.016849816849817,20.755189255189254,13.214626756043955,2025.0,3.0,13.0
2025-04-06,19.107268717948717,22.08899076923077,1743671319.5604396,21.25018315018315,70.25106227106227,8.677802197802198,13.96945054945055,151.24981684981685,1014.2087912087912,29.948695970695972,0.1479267399267399,0.005582417582417582,62.25054945054945,37.79267399267399,21.846886446886447,71.31875457875458,9.694652014652014,5.7494505494505495,3.685421245421246,11.574139194139194,18.627179487179486,531.6059062271063,67.01538461538462,16.80995750915751,11.351221978021977,28.458182417582417,64.92036996336996,1.8666666666666667,3.0183150183150182,28.483516483516482,21.25059015059015,13.96553418901099,2025.0,3.857142857142857,14.0
2025-04-13,19.107268717948717,22.08899076923077,1744276348.3516483,21.20117216117216,70.1647619047619,8.435311355311356,13.575677655677655,172.12747252747252,1014.1619047619048,29.94754578754579,0.13812454212454212,0.005296703296703297,62.100366300366304,40.16996336996337,21.89245421245421,71.39992673992674,9.736410256410258,5.772161172161172,3.7333333333333334,11.26864468864469,18.137728937728937,517.1463032967033,68.34945054945055,16.382993406593407,11.149674725274725,28.532136263736266,64.6015032967033,1.8608058608058609,2.9523809523809526,88.2021978021978,21.202645502645503,13.575283976556777,2025.0,4.0,15.0
2025-04-20,19.107268717948717,22.08899076923077,1744880732.3076923,22.05838827838828,71.70754578754578,8.38901098901099,13.502490842490843,170.38754578754578,1013.0783882783883,29.915604395604397,0.1226813186813187,0.004615384615384615,64.57216117216117,39.366300366300365,23.053406593406596,73.49223443223443,9.763516483516485,5.786080586080586,3.613626373626374,11.232234432234431,18.077216117216118,506.01103003663,66.82271062271062,16.450996336996337,11.01572967032967,28.659508424908424,69.07090842490842,1.8813186813186813,3.024175824175824,84.00366300366301,22.05974765974766,13.500770945054944,2025.0,4.0,16.0
2025-04-27,19.107268717948717,22.08899076923077,1745485260.6593406,22.844761904761903,73.12007326007326,7.839780219780219,12.6210989010989,163.53846153846155,1013.2190476190476,29.920080586080587,0.11422710622710622,0.004322344322344323,63.57948717948718,38.202930402930406,23.853699633699634,74.9291575091575,9.781318681318682,5.796336996336996,3.829597069597069,10.581391941391942,17.03150183150183,498.27226080586087,64.95750915750915,17.53674358974359,11.333742124542123,27.58555457875458,58.960539926739926,1.865934065934066,3.01025641025641,23.338461538461537,22.844485144485144,12.616871898901099,2025.0,4.0,17.0
2025-05-04,19.107268717948717,22.08899076923077,1746089763.956044,23.017289377289377,73.43318681318682,7.706666666666667,12.404688644688646,163.810989010989,1013.7714285714286,29.936029304029304,0.12944322344322345,0.004901098901098902,62.82344322344322,35.7978021978022,24.195970695970697,75.54512820512821,9.764542124542125,5.786080586080586,3.675091575091575,10.386227106227107,16.717875457875458,507.6764432234432,62.824175824175825,17.33866446886447,11.198748717948718,29.966414652014652,68.75745201465202,1.9076923076923078,3.139194139194139,17.304761904761904,23.01843711843712,12.402646933333335,2025.0,4.571428571428571,18.0
2025-05-11,19.08545095307918,22.103474413489735,1746694732.0381231,22.79868035190616,73.03944281524927,8.016788856304984,12.903445747800586,168.4516129032258,1013.3951612903226,29.924721407624634,0.14151026392961877,0.005351906158357771,63.33797653958944,39.58797653958944,23.842741935483872,74.90813782991202,9.805205278592375,5.809384164222874,3.777859237536657,10.740469208211143,17.285117302052786,499.42555571847504,65.25879765395895,15.78709457478006,11.125330645161291,27.925937683284456,66.67772360703812,1.8401759530791788,2.943548387096774,78.1825513196481,22.79969045291626,12.901738978005866,2025.0,5.0,19.0
2025-05-18,19.090485190615837,22.089471480938418,1747299512.2434018,23.187316715542522,73.73900293255132,8.608357771260996,13.856891495601172,168.39076246334312,1013.2448680351906,29.92043988269795,0.1412316715542522,0.00532258064516129,63.45674486803519,37.64882697947214,24.380058651026395,75.87536656891496,9.747214076246335,5.7727272727272725,3.8957478005865105,11.604692082111436,18.67932551319648,489.1297631964809,67.55278592375366,14.968282991202347,10.164767595307918,27.916936950146624,74.10976026392962,1.7947214076246334,2.8541055718475072,91.89589442815249,23.18833496252851,13.853774495601174,2025.0,5.0,20.0
2025-05-25,19.173261082283172,23.436255151964417,1747904784.951816,23.525500370644924,74.34736842105264,8.289918458117125,13.342105263157896,173.55003706449222,1013.1793921423276,29.91813194959229,0.14765011119347665,0.005522609340252039,64.26241660489251,37.819125277983694,24.74677538917717,76.53654558932543,9.759080800593033,5.77761304670126,3.879836916234247,11.138547071905114,17.92979985174203,478.5614640474426,64.71979243884358,15.222170496664194,11.51745885841364,28.11938028169014,67.87822016308377,1.8146775389177168,2.9021497405485546,35.6234247590808,23.526315789473685,13.341297371386213,2025.0,5.0,21.0
2025-06-01,19.107268717948717,22.08899076923077,1748508585.4945054,23.969597069597068,75.14871794871794,8.507399267399268,13.692747252747251,180.51868131868133,1014.392673992674,29.954315018315018,0.15470329670329672,0.005875457875457875,63.734798534798536,37.6967032967033,25.36798534798535,77.65567765567765,9.72798534798535,5.770695970695971,3.7556776556776557,11.553186813186814,18.597948717948718,480.235947985348,61.234432234432234,15.703319413919413,10.434063736263736,28.367711355311354,62.775449816849815,1.8344322344322344,2.9501831501831504,9.371428571428572,23.97150997150997,13.691297936996339,2025.0,5.142857142857143,22.0
2025-06-08,19.093432771260996,22.08779780058651,1749113608.064516,24.55520527859238,76.20124633431085,8.506744868035192,13.694281524926685,180.8775659824047,1013.4193548387096,29.92543988269795,0.10501466275659825,0.003922287390029326,62.988269794721404,36.01319648093842,25.813636363636366,78.45806451612903,9.765469208211144,5.793255131964809,4.024193548387097,11.366715542521995,18.293695014662756,477.25507551319646,66.18841642228739,15.214104105571847,11.125508797653959,29.41208431085044,66.66274853372434,1.8702346041055717,2.9934017595307916,65.2133431085044,24.556247963506024,13.690244785923754,2025.0,6.0,23.0
2025-06-15,19.09089941305943,22.04760388848129,1749718394.5707996,24.810858400586937,76.66096845194424,8.502641232575202,13.68547322083639,172.2061628760088,1014.4225972120323,29.954908290535585,0.13981658107116654,0.005326485693323551,62.88554658840793,36.14233308877476,26.203521643433604,79.1593543653705,9.737270726338958,5.765223771093177,4.114159941305943,11.435583272193691,18.40520909757887,478.0587476155539,66.74247982391783,15.185563462949375,11.345686720469553,27.97338224504769,58.18350843727073,1.8532648569332355,2.8877476155539252,95.60381511371973,24.811649139969024,13.683640641232575,2025.0,6.0,24.0
2025-06-22,19.096716862170087,22.078572140762464,1750323221.9208212,25.165029325513196,77.30109970674486,8.447507331378299,13.594354838709679,181.11730205278593,1014.2976539589442,29.951678885630496,0.10831378299120235,0.00406891495601173,62.6217008797654,35.516129032258064,26.543695014662756,79.77243401759532,9.70850439882698,5.754398826979473,4.281451612903226,11.294941348973607,18.18115835777126,487.7752521994135,67.64296187683284,14.161798387096773,11.08051026392962,26.1680293255132,57.007821114369506,1.7888563049853372,2.771260997067449,48.60777126099707,25.167277614858257,13.594911448680351,2025.0,6.0,25.0
2025-06-29,19.107268717948717,22.08899076923077,1750927680.6593406,25.286300366300367,77.51838827838829,8.688131868131867,13.983516483516484,182.06300366300366,1012.7223443223443,29.905164835164836,0.1503150183150183,0.005772893772893773,63.606593406593404,37.70915750915751,26.68820512820513,80.03106227106227,9.707326007326007,5.750915750915751,4.077582417582417,11.678315018315018,18.798681318681318,469.24174871794867,65.41025641025641,14.605698168498167,11.35358021978022,25.725398534798536,55.227191208791204,1.7728937728937728,2.726007326007326,5.598534798534798,25.287993487993486,13.982158140659342,2025.0,6.0,26.0
2025-07-06,19.107268717948717,22.08899076923077,1751532847.2527473,25.506300366300366,77.91128205128204,8.693186813186813,13.991501831501832,186.45421245421247,1013.6871794871795,29.933472527472528,0.15221245421245422,0.005846153846153846,62.71868131868132,36.07692307692308,26.93113553113553,80.46783882783883,9.742857142857142,5.771428571428571,4.072307692307692,11.59032967032967,18.655677655677657,464.19201245421243,64.63809523809523,14.82523663003663,10.705356043956044,25.221778754578757,58.440754578754586,1.7274725274725276,2.613919413919414,50.53333333333333,25.506267806267807,13.990293265934065,2025.0,6.857142857142857,27.0
2025-07-13,19.08217646627566,22.109766348973608,1752137196.994135,24.865615835777124,76.7590909090909,8.378445747800587,13.483797653958945,179.433284457478,1013.2206744868035,29.919999999999998,0.19876099706744868,0.007514662756598241,65.0241935483871,40.58064516129032,26.34574780058651,79.41642228739003,9.646480938416422,5.711143695014663,3.6881964809384162,11.288929618768329,18.169134897360703,481.7922214076246,60.54178885630498,16.27943401759531,11.076442815249267,25.56599046920821,50.96895307917889,1.7456011730205279,2.7060117302052786,95.00219941348973,24.866161616161616,13.483767879765397,2025.0,7.0,28.0
2025-07-20,19.086147434017597,22.026800366568917,1752741973.9002934,25.454692082111436,77.81972140762464,8.112316715542523,13.05850439882698,180.41935483870967,1012.7294721407625,29.90530791788856,0.13653958944281525,0.005227272727272727,65.29178885630499,38.118768328445746,26.951612903225808,80.5057917888563,9.633284457478005,5.694281524926686,3.866129032258064,11.090175953079179,17.847727272727273,484.4894948680352,61.38489736070381,16.793857038123168,10.996913489736071,26.332331378299124,54.04593768328446,1.7866568914956011,2.7653958944281527,61.164956011730204,25.455400782013683,13.055475782991204,2025.0,7.0,29.0
2025-07-27,19.107268717948717,22.08899076923077,1753346057.142857,25.6607326007326,78.19084249084248,8.269743589743591,13.310549450549452,183.5084249084249,1011.7824175824176,29.877289377289376,0.18567765567765568,0.00717948717948718,65.67326007326007,39.005860805860806,27.191135531135533,80.93897435897436,9.696703296703296,5.734798534798535,3.6968498168498165,11.17904761904762,17.992673992673993,486.55471575091576,59.06813186813187,17.768635164835167,11.185679853479852,26.70799120879121,50.56228058608059,1.8021978021978022,2.753113553113553,6.106227106227106,25.661579161579162,13.30882914871795,2025.0,7.0,30.0
2025-08-03,19.093432771260996,22.08779780058651,1753950344.648094,24.835850439882698,76.70872434017595,8.513196480938417,13.69992668621701,183.60850439882697,1013.0029325513196,29.913291788856306,0.15613636363636363,0.005967741935483871,66.62390029325513,40.93475073313783,26.373826979472142,79.46972140762463,9.765615835777126,5.781524926686217,3.6269794721407624,11.491715542521995,18.4950146627566,471.8399002932551,58.74633431085044,16.666557184750733,10.579384164222875,26.058612170087976,46.58870527859237,1.7536656891495601,2.755865102639296,35.700146627565985,24.838180188986644,13.700627624633432,2025.0,7.428885630498534,31.0
2025-08-10,19.107268717948717,22.08899076923077,1754555011.6483517,24.973113553113556,76.95340659340658,7.713333333333334,12.414798534798535,170.36776556776556,1014.537728937729,29.958813186813185,0.1335091575091575,0.0050183150183150185,65.51648351648352,36.050549450549454,26.39765567765568,79.51025641025642,9.7003663003663,5.734065934065934,3.631062271062271,10.294432234432234,16.56959706959707,501.52734798534794,58.04322344322345,18.143671062271064,10.820660073260074,27.80702564102564,51.85679194139194,1.8241758241758241,2.813919413919414,89.95384615384616,24.97411477411477,12.413375866666666,2025.0,8.0,32.0
2025-08-17,19.107268717948717,22.08899076923077,1755159588.7912087,25.335531135531134,77.60637362637362,7.608717948717948,12.249157509157508,169.02271062271063,1014.185347985348,29.948014652014653,0.13053479853479855,0.004945054945054945,64.61831501831502,36.175824175824175,26.75970695970696,80.16029304029304,9.697509157509158,5.743589743589744,3.5794871794871796,10.219999999999999,16.45091575091575,510.46460146520144,57.052014652014655,18.285267399267397,10.780657875457875,26.546460805860807,49.862809523809524,1.8036630036630037,2.7743589743589743,72.78534798534798,25.336874236874237,12.245014143589744,2025.0,8.0,33.0
2025-08-24,19.26640175953079,21.758845674486803,1755764119.1348975,24.24626099706745,75.64684750733139,7.846554252199414,12.63240469208211,183.26539589442814,1012.7881231671554,29.906774193548383,0.15491935483870967,0.00589442815249267,67.08724340175954,38.77126099706745,25.76187683284457,78.36495601173021,9.785630498533724,5.7917888563049855,3.369941348973607,10.4316715542522,16.792888563049853,502.7084494134897,56.949413489736074,17.670421554252197,10.796614369501466,25.916326979472142,52.96550366568915,1.7624633431085044,2.6818181818181817,10.560850439882698,24.2482486151841,12.627773620234604,2025.0,8.0,34.0
2025-08-31,19.382268937728938,21.398893333333334,1756368230.1098902,24.238241758241756,75.62996336996336,8.015311355311354,12.89919413919414,183.4080586080586,1013.0358974358975,29.914161172161172,0.14021245421245424,0.005289377289377289,67.37509157509157,36.997802197802194,25.663663003663004,78.1884249084249,9.629084249084249,5.682051282051282,3.235897435897436,10.728498168498168,17.266959706959707,503.1120285714286,54.858608058608056,18.498123076923076,10.266663736263736,26.6414967032967,58.36042417582418,1.76996336996337,2.6608058608058607,22.205128205128204,24.238868538868537,12.899361176556775,2025.0,8.0,35.0
2025-09-07,19.387885494505493,21.38603611721612,1756972657.5824175,24.15252747252747,75.47721611721612,7.742124542124542,12.464908424908424,171.7970695970696,1013.447619047619,29.9263663003663,0.1412087912087912,0.005421245421245421,68.37435897435897,36.72893772893773,25.647765567765564,78.15919413919414,9.686300366300365,5.7304029304029305,3.1316483516483515,10.347326007326007,16.655970695970698,521.2068358974359,53.04688644688645,20.086274725274723,10.650309157509158,26.446987545787547,46.435071062271064,1.813919413919414,2.807326007326007,80.58168498168499,24.15400895400895,12.459710710622712,2025.0,9.0,36.0
2025-09-14,19.414269574780057,21.541096847507333,1757578168.1085043,23.877272727272725,74.97859237536657,7.5417888563049855,12.142228739002933,169.53225806451613,1014.192082111437,29.948057184750734,0.15683284457478006,0.00593841642228739,69.1217008797654,38.19574780058651,25.262390029325513,77.46370967741936,9.768181818181818,5.777859237536657,3.1455278592375366,10.039222873900293,16.157624633431084,528.9643137829912,54.52492668621701,19.26090249266862,11.928710410557185,25.12441788856305,42.37246114369502,1.7617302052785924,2.686217008797654,82.78885630498533,23.876995764092538,12.137302478005864,2025.0,9.0,37.0
2025-09-21,19.37872805860806,21.405535604395606,1758182299.1208792,23.47758241758242,74.26205128205127,7.738021978021978,12.455824175824176,171.85274725274726,1014.6007326007326,29.960366300366303,0.1307106227106227,0.004945054945054945,68.85054945054945,39.12380952380953,24.948498168498165,76.90080586080586,9.698315018315018,5.72967032967033,2.96981684981685,10.372454212454212,16.695164835164835,534.1848901098901,51.96263736263736,19.173395604395605,10.824295970695971,24.65787545787546,43.6991010989011,1.7421245421245422,2.6263736263736264,18.791208791208792,23.47891737891738,12.453108290109892,2025.0,9.0,38.0
2025-09-28,19.348824853372435,21.4330323313783,1758786978.9589443,22.425806451612903,72.36810850439883,7.657917888563049,12.327785923753664,164.4692082111437,1015.592375366569,29.98969208211144,0.11494868035190615,0.004318181818181818,69.60777126099707,38.43695014662757,23.65718475073314,74.57478005865103,9.699046920821115,5.736803519061583,2.729032258064516,10.20359237536657,16.423387096774192,547.6101979472141,50.711876832844574,20.34382258064516,10.59475366568915,25.45350219941349,47.11441788856305,1.7353372434017595,2.628299120234604,11.674486803519061,22.426726946888238,12.324193574780058,2025.0,9.0,39.0
2025-10-05,19.40698446886447,21.32543912087912,1759389280.8791208,20.831794871794873,69.50043956043956,7.3,11.753260073260074,166.21025641025642,1015.3838827838828,29.982996336996337,0.18629304029304028,0.00715018315018315,72.4043956043956,41.265201465201464,21.862930402930402,71.34659340659341,9.649304029304028,5.693040293040293,2.112673992673993,10.01047619047619,16.11091575091575,324.1867882783883,45.52527472527473,13.762068131868133,7.258575091575092,17.178079120879122,29.700021245421247,1.4564102564102563,2.0373626373626372,67.69377289377289,20.833577533577532,11.748182,2025.0,9.715018315018314,40.0
2025-10-12,19.360606964809385,21.507148093841643,1759996120.3812318,21.381085043988268,70.4882697947214,7.353005865102639,11.83958944281525,177.10190615835776,1015.5021994134897,29.986906158357773,0.1346774193548387,0.005095307917888563,70.79692082111437,42.023460410557185,22.446041055718474,72.39508797653959,9.632991202346041,5.6840175953079175,2.5718475073313782,10.083431085043987,16.228592375366567,315.7498357771261,49.12316715542522,12.932020527859239,7.6570938416422285,16.141404692082112,28.319703812316718,1.4186217008797655,1.906158357771261,90.2617302052786,21.382372108178558,11.83348645894428,2025.0,10.0,41.0
2025-10-19,19.37872805860806,21.405535604395606,1760601439.1208792,20.957142857142856,69.72410256410257,6.932527472527473,11.165421245421244,162.62417582417584,1015.589010989011,29.989904761904764,0.09921611721611723,0.0036923076923076922,70.37802197802198,41.01391941391942,21.924322344322345,71.45619047619047,9.653699633699633,5.701098901098901,2.4657142857142857,9.497362637362636,15.28879120879121,321.6795289377289,48.553113553113555,14.54297216117216,8.178063736263736,17.330078388278388,29.886268864468864,1.4586080586080585,1.9868131868131869,30.092307692307692,20.957834757834757,11.156793762637363,2025.0,10.0,42.0
2025-10-26,19.392551612903226,21.422353592375366,1761206196.1143694,20.957771260997067,69.7257331378299,7.934970674486803,12.769428152492669,173.19794721407624,1012.291055718475,29.89206744868035,0.12457478005865101,0.004699413489736071,70.1217008797654,40.557184750733136,21.787976539589444,71.21290322580644,9.545967741935485,5.6341642228739,2.247434017595308,10.945894428152494,17.618768328445746,319.42290689149564,47.988269794721404,12.810076979472141,7.644387829912024,15.8045784457478,25.486836510263927,1.4098240469208212,1.844574780058651,5.245601173020527,20.95874063212773,12.770065705278592,2025.0,10.0,43.0
2025-11-02,19.387482564102566,21.39267846153846,1761810799.7802198,20.35882783882784,68.64761904761905,7.506080586080586,12.085421245421244,173.28937728937728,1013.8937728937728,29.93936263736264,0.12076190476190476,0.004490842490842491,71.64102564102564,39.788278388278385,21.154505494505496,70.0713553113553,9.454139194139193,5.579487179487179,2.0988278388278387,10.590989010989011,17.04827838827839,337.5763838827839,46.73626373626374,13.481365567765566,8.02524835164835,16.608764835164834,24.766127472527476,1.4373626373626374,1.956043956043956,52.747252747252745,20.359788359788357,12.079835730402932,2025.0,10.285714285714286,44.0
2025-11-09,19.40848674963397,21.286941581259153,1762416110.6881406,19.54882869692533,67.19026354319179,7.097144948755491,11.424377745241582,167.36603221083456,1015.4421669106881,29.985387994143487,0.12975109809663252,0.005,72.26500732064422,41.35212298682284,20.30117130307467,68.53682284040995,9.26229868228404,5.442898975109809,2.0931918008784773,10.184992679355783,16.39238653001464,338.4287071742313,45.79282576866764,13.836686676427526,8.523363103953148,17.460405563689605,27.697594436310393,1.473645680819912,2.0109809663250364,93.78696925329429,19.550146412884335,11.421719251830162,2025.0,11.0,45.0
2025-11-16,19.384564395604396,21.396964175824177,1763019565.7142856,18.665201465201466,65.60029304029304,6.871135531135532,11.065714285714286,164.5934065934066,1014.9406593406593,29.97044688644689,0.1530915750915751,0.005868131868131868,73.14578754578754,40.43076923076923,19.36080586080586,66.84256410256411,8.896117216117217,5.214652014652015,1.7350915750915752,10.111428571428572,16.275164835164833,337.9609487179487,43.82490842490842,13.707249084249085,8.381608058608059,18.403219780219782,28.080435897435898,1.5179487179487179,2.128205128205128,43.91794871794872,18.666829466829466,11.057993255677655,2025.0,11.0,46.0
2025-11-23,19.37872805860806,21.405535604395606,1763623465.7142856,17.423809523809524,63.364322344322346,7.138461538461539,11.493260073260073,163.98241758241758,1015.1941391941392,29.978095238095236,0.1523736263736264,0.005787545787545788,73.20073260073261,40.536263736263734,17.817289377289377,64.06739926739927,9.12021978021978,5.3457875457875454,1.6956776556776556,10.379413919413919,16.706739926739928,348.4985765567766,43.82637362637362,13.437331135531135,7.923338461538462,17.496378754578757,29.14788058608059,1.4637362637362636,2.0307692307692307,3.791941391941392,17.424623524623527,11.488211692307694,2025.0,11.0,47.0
2025-11-30,19.381646227106227,21.401249890109888,1764228078.4615386,17.258388278388278,63.065934065934066,7.388131868131867,11.895384615384616,160.5098901098901,1013.9238095238095,29.940652014652013,0.11786813186813187,0.004417582417582418,71.88864468864469,42.293772893772896,17.5970695970696,63.66959706959707,9.095897435897436,5.328937728937729,1.7211721611721613,10.83003663003663,17.429010989010987,340.7389201465201,42.9970695970696,13.450788278388279,8.654451282051282,18.057674725274726,25.805513553113553,1.5003663003663004,2.098901098901099,37.608058608058606,17.258852258852258,11.89001614065934,2025.0,11.0,48.0
2025-12-07,19.384564395604396,21.396964175824177,1764832707.032967,17.19765567765568,62.95860805860806,7.113846153846153,11.455531135531135,157.803663003663,1014.4234432234432,29.955457875457874,0.11268864468864469,0.004197802197802198,74.02564102564102,45.25567765567766,17.56901098901099,63.61868131868132,8.851721611721612,5.176556776556777,1.689084249084249,10.436923076923076,16.796336996336997,356.06131501831504,42.32893772893773,14.130032967032966,9.943952380952382,21.17398901098901,31.709813186813186,1.6315018315018315,2.432234432234432,92.51941391941392,17.1992266992267,11.44859716923077,2025.0,12.0,49.0
2025-12-14,19.381646227106227,21.401249890109888,1765438124.8351648,16.844835164835164,62.32402930402931,7.3203663003663,11.785201465201464,157.23150183150184,1015.559706959707,29.98895238095238,0.1198901098901099,0.004534798534798535,76.0937728937729,45.917216117216114,17.226446886446887,63.002197802197806,8.658168498168498,5.0556776556776555,1.6157509157509158,10.797069597069598,17.377655677655678,343.9784805860806,41.90769230769231,13.598773626373626,9.588370695970696,21.178187545787544,36.79012893772894,1.6212454212454213,2.3934065934065933,59.35824175824176,16.846682946682947,11.780958301831502,2025.0,12.0,50.0
2025-12-21,19.39587391941392,21.432026446886447,1766042287.912088,16.016630036630037,60.83142857142857,7.466520146520146,12.025201465201466,153.68205128205128,1015.5772893772894,29.98955311355311,0.11401465201465201,0.004322344322344323,77.16483516483517,45.98608058608058,16.305274725274725,61.34527472527473,8.492161172161172,4.93992673992674,1.5693772893772893,11.085934065934065,17.8425641025641,340.4371391941392,41.266666666666666,13.481021978021978,10.188054945054946,22.33999633699634,40.536406593406596,1.6564102564102565,2.5003663003663004,7.4974358974358974,16.017460317460316,12.016169532600733,2025.0,12.0,51.0
2025-12-28,19.40966813186813,21.597664981684982,1766646956.7032967,15.564761904761905,60.0181684981685,7.475164835164835,12.032600732600732,158.02051282051283,1015.5179487179487,29.987772893772892,0.10442490842490842,0.0038681318681318684,75.15531135531135,43.88278388278388,15.636849816849816,60.14439560439561,9.063223443223443,5.30989010989011,1.5950183150183148,11.114798534798535,17.88952380952381,332.63425934065936,43.3003663003663,13.053746520146522,9.645101831501831,19.480779487179486,32.9688380952381,1.5384615384615385,2.178021978021978,24.048351648351648,15.565649165649164,12.030081775824177,2025.0,12.0,52.0
2026-01-04,19.326102857142857,21.82069304029304,1767251569.4505494,14.694652014652014,58.451355311355314,7.883516483516484,12.69054945054945,173.54358974358973,1013.4703296703296,29.92697435897436,0.1048937728937729,0.003941391941391942,73.33772893772894,40.676923076923075,14.484981684981685,58.07003663003663,9.251282051282052,5.443223443223443,1.6254945054945056,11.623663003663003,18.706886446886447,332.3104498168498,46.24981684981685,12.768618315018315,9.486713553113553,18.63235457875458,32.72158534798535,1.493040293040293,2.1465201465201464,86.33699633699634,14.695197395197395,12.687258417582417,2025.5714285714287,5.714285714285714,1.0
2026-01-11,19.343608937728938,21.709367032967034,1767856936.4835165,14.524615384615384,58.14681318681318,7.889597069597069,12.700659340659342,162.8820512820513,1014.3582417582418,29.95324542124542,0.1494798534798535,0.005706959706959707,72.94285714285714,40.4989010989011,14.29831501831502,57.73384615384615,8.937362637362638,5.2344322344322345,1.693992673992674,11.675238095238095,18.78996336996337,336.1580688644689,46.567032967032965,13.06524835164835,9.557482783882785,19.659680586080587,36.486640293040296,1.564102564102564,2.252014652014652,74.34652014652015,14.526007326007326,12.697044147985348,2026.0,1.0,2.0
2026-01-18,19.283296307237816,22.544149778434267,1768459855.6129985,14.720531757754799,58.497267355982274,7.617355982274741,12.261225997045791,160.00886262924666,1015.7149187592319,29.993434268833088,0.10711964549483012,0.004017725258493353,74.57459379615953,43.97415066469719,14.661299852289513,58.387592319054654,8.71189069423929,5.070901033973412,1.7426144756277695,11.405539143279173,18.355686853766617,346.54218168389957,44.5,13.694766617429838,9.597351550960118,21.471354505169867,41.36633234859675,1.604874446085672,2.4032496307237814,16.56056129985229,14.720704086656818,12.258915676514032,2026.0,1.0,3.0
2026-01-25,19.27713717948718,21.557042564102563,1769109287.6923077,14.366923076923076,57.862478632478634,7.845470085470086,12.63102564102564,152.1239316239316,1013.8529914529914,29.93881196581197,0.09800854700854701,0.003641025641025641,73.27179487179487,44.31111111111111,14.208547008547008,57.57282051282051,8.761367521367522,5.113675213675213,1.7027350427350427,11.494957264957264,18.501623931623932,331.1175316239316,45.843589743589746,13.120950427350428,8.842147008547009,21.863941880341883,38.07026666666667,1.6282051282051282,2.4239316239316238,15.671794871794871,14.36804368471035,12.626028827350428,2026.0,1.0,4.0
2026-02-01,19.318108351648352,21.64500564102564,1769670418.6813188,15.306813186813187,59.552014652014655,7.718901098901099,12.426446886446886,161.03076923076924,1012.8271062271062,29.908021978021974,0.12313553113553115,0.004615384615384615,73.97802197802197,45.0945054945055,15.270476190476192,59.4825641025641,8.7392673992674,5.095970695970696,1.8097435897435898,11.37985347985348,18.316483516483515,334.871621978022,46.074725274725274,13.537702564102563,8.698874725274726,22.568178754578753,44.8754315018315,1.6673992673992675,2.528937728937729,76.41904761904762,15.306674806674806,12.422336294505495,2026.0,1.1428571428571428,5.0
2026-02-08,19.334757771260996,21.665361217008797,1770274962.9765396,15.368841642228737,59.666495601173025,7.563196480938417,12.175293255131963,157.48900293255133,1013.0725806451613,29.91540322580645,0.09537390029325514,0.0035557184750733143,73.97800586510265,44.46774193548387,15.355131964809384,59.63687683284457,8.957258064516129,5.245601173020527,1.8043255131964808,11.277785923753665,18.15124633431085,309.95668181818183,46.60850439882698,11.999717008797653,7.379335777126101,18.88175513196481,34.1676788856305,1.532991202346041,2.1693548387096775,86.4142228739003,15.370275333985012,12.171754624633431,2026.0,2.0,6.0
2026-02-15,19.338626689478186,21.81042857142857,1770837494.011976,16.438066723695464,61.58956372968349,7.651668092386655,12.319247219846023,162.31394354148844,1010.9272882805817,29.852027373823777,0.10802395209580838,0.004080410607356716,74.16167664670658,44.85372112917023,16.562617621899058,61.81539777587682,9.026261762189906,5.290846877673225,1.7726261762189903,11.523353293413173,18.54405474764756,310.8962035928144,45.298545765611635,12.432559452523524,7.287050470487596,19.453431993156546,40.422379811804966,1.5372112917023097,2.215568862275449,33.392643284858856,16.438646516490827,12.314135527801541,2026.0,2.0,7.0
